{"zones":{"Pacific/Easter":[[437.7333333333333,"-","LMT",-2493072000000],[437.4666666666667,"-","EMT",-1178150400000],[420,"Chile","EAS%sT",384901200000],[360,"Chile","EAS%sT",null]]},"rules":{"Chile":[[1927,1932,"-","Sep","1",["0:00",0,0,0,null],60,"S"],[1928,1932,"-","Apr","1",["0:00",0,0,0,null],0,"-"],[1942,"only","-","Jun","1",["4:00u",4,0,0,"u"],0,"-"],[1942,"only","-","Aug","1",["5:00u",5,0,0,"u"],60,"S"],[1946,"only","-","Jul","15",["4:00u",4,0,0,"u"],60,"S"],[1946,"only","-","Sep","1",["3:00u",3,0,0,"u"],0,"-"],[1947,"only","-","Apr","1",["4:00u",4,0,0,"u"],0,"-"],[1968,"only","-","Nov","3",["4:00u",4,0,0,"u"],60,"S"],[1969,"only","-","Mar","30",["3:00u",3,0,0,"u"],0,"-"],[1969,"only","-","Nov","23",["4:00u",4,0,0,"u"],60,"S"],[1970,"only","-","Mar","29",["3:00u",3,0,0,"u"],0,"-"],[1971,"only","-","Mar","14",["3:00u",3,0,0,"u"],0,"-"],[1970,1972,"-","Oct","Sun>=9",["4:00u",4,0,0,"u"],60,"S"],[1972,1986,"-","Mar","Sun>=9",["3:00u",3,0,0,"u"],0,"-"],[1973,"only","-","Sep","30",["4:00u",4,0,0,"u"],60,"S"],[1974,1987,"-","Oct","Sun>=9",["4:00u",4,0,0,"u"],60,"S"],[1987,"only","-","Apr","12",["3:00u",3,0,0,"u"],0,"-"],[1988,1989,"-","Mar","Sun>=9",["3:00u",3,0,0,"u"],0,"-"],[1988,"only","-","Oct","Sun>=1",["4:00u",4,0,0,"u"],60,"S"],[1989,"only","-","Oct","Sun>=9",["4:00u",4,0,0,"u"],60,"S"],[1990,"only","-","Mar","18",["3:00u",3,0,0,"u"],0,"-"],[1990,"only","-","Sep","16",["4:00u",4,0,0,"u"],60,"S"],[1991,1996,"-","Mar","Sun>=9",["3:00u",3,0,0,"u"],0,"-"],[1991,1997,"-","Oct","Sun>=9",["4:00u",4,0,0,"u"],60,"S"],[1997,"only","-","Mar","30",["3:00u",3,0,0,"u"],0,"-"],[1998,"only","-","Mar","Sun>=9",["3:00u",3,0,0,"u"],0,"-"],[1998,"only","-","Sep","27",["4:00u",4,0,0,"u"],60,"S"],[1999,"only","-","Apr","4",["3:00u",3,0,0,"u"],0,"-"],[1999,2010,"-","Oct","Sun>=9",["4:00u",4,0,0,"u"],60,"S"],[2000,2007,"-","Mar","Sun>=9",["3:00u",3,0,0,"u"],0,"-"],[2008,"only","-","Mar","30",["3:00u",3,0,0,"u"],0,"-"],[2009,"only","-","Mar","Sun>=9",["3:00u",3,0,0,"u"],0,"-"],[2010,"only","-","Apr","Sun>=1",["3:00u",3,0,0,"u"],0,"-"],[2011,"only","-","May","Sun>=2",["3:00u",3,0,0,"u"],0,"-"],[2011,"only","-","Aug","Sun>=16",["4:00u",4,0,0,"u"],60,"S"],[2012,"only","-","Apr","Sun>=23",["3:00u",3,0,0,"u"],0,"-"],[2012,"only","-","Sep","Sun>=2",["4:00u",4,0,0,"u"],60,"S"],[2013,"max","-","Mar","Sun>=9",["3:00u",3,0,0,"u"],0,"-"],[2013,"max","-","Oct","Sun>=9",["4:00u",4,0,0,"u"],60,"S"]]}}