{"zones":{"Asia/Dhaka":[[-361.6666666666667,"-","LMT",-2493072000000],[-353.3333333333333,"-","HMT",-891561600000],[-390,"-","BURT",-872035200000],[-330,"-","IST",-862617600000],[-390,"-","BURT",-576115200000],[-360,"-","DACT",38793600000],[-360,"-","BDT",1262217600000],[-360,"Dhaka","BD%sT",null]]},"rules":{"Dhaka":[[2009,"only","-","Jun","19",["23:00",23,0,0,null],60,"S"],[2009,"only","-","Dec","31",["23:59",23,59,0,null],0,"-"]]}}