{"zones":{"Asia/Tbilisi":[[-179.26666666666665,"-","LMT",-2808604800000],[-179.26666666666665,"-","TBMT",-1441152000000],[-180,"-","TBIT",-405129600000],[-240,"RussiaAsia","TBI%sT",670384800000],[-180,"1:00","TBIST",671155200000],[-180,"RussiaAsia","GE%sT",725760000000],[-180,"E-EurAsia","GE%sT",778377600000],[-240,"E-EurAsia","GE%sT",844128000000],[-240,"1:00","GEST",857174400000],[-240,"E-EurAsia","GE%sT",1088294400000],[-180,"RussiaAsia","GE%sT",1109642400000],[-240,"-","GET",null]]},"rules":{"RussiaAsia":[[1981,1984,"-","Apr","1",["0:00",0,0,0,null],60,"S"],[1981,1983,"-","Oct","1",["0:00",0,0,0,null],0,"-"],[1984,1991,"-","Sep","lastSun",["2:00s",2,0,0,"s"],0,"-"],[1985,1991,"-","Mar","lastSun",["2:00s",2,0,0,"s"],60,"S"],[1992,"only","-","Mar","lastSat",["23:00",23,0,0,null],60,"S"],[1992,"only","-","Sep","lastSat",["23:00",23,0,0,null],0,"-"],[1993,"max","-","Mar","lastSun",["2:00s",2,0,0,"s"],60,"S"],[1993,1995,"-","Sep","lastSun",["2:00s",2,0,0,"s"],0,"-"],[1996,"max","-","Oct","lastSun",["2:00s",2,0,0,"s"],0,"-"]],"E-EurAsia":[[1981,"max","-","Mar","lastSun",["0:00",0,0,0,null],60,"S"],[1979,1995,"-","Sep","lastSun",["0:00",0,0,0,null],0,"-"],[1996,"max","-","Oct","lastSun",["0:00",0,0,0,null],0,"-"]]}}