{"zones":{"Asia/Tehran":[[-205.73333333333335,"-","LMT",-1672617600000],[-205.73333333333335,"-","TMT",-725932800000],[-210,"-","IRST",247190400000],[-240,"Iran","IR%sT",315446400000],[-210,"Iran","IR%sT",null]]},"rules":{"Iran":[[1978,1980,"-","Mar","21",["0:00",0,0,0,null],60,"D"],[1978,"only","-","Oct","21",["0:00",0,0,0,null],0,"S"],[1979,"only","-","Sep","19",["0:00",0,0,0,null],0,"S"],[1980,"only","-","Sep","23",["0:00",0,0,0,null],0,"S"],[1991,"only","-","May","3",["0:00",0,0,0,null],60,"D"],[1992,1995,"-","Mar","22",["0:00",0,0,0,null],60,"D"],[1991,1995,"-","Sep","22",["0:00",0,0,0,null],0,"S"],[1996,"only","-","Mar","21",["0:00",0,0,0,null],60,"D"],[1996,"only","-","Sep","21",["0:00",0,0,0,null],0,"S"],[1997,1999,"-","Mar","22",["0:00",0,0,0,null],60,"D"],[1997,1999,"-","Sep","22",["0:00",0,0,0,null],0,"S"],[2000,"only","-","Mar","21",["0:00",0,0,0,null],60,"D"],[2000,"only","-","Sep","21",["0:00",0,0,0,null],0,"S"],[2001,2003,"-","Mar","22",["0:00",0,0,0,null],60,"D"],[2001,2003,"-","Sep","22",["0:00",0,0,0,null],0,"S"],[2004,"only","-","Mar","21",["0:00",0,0,0,null],60,"D"],[2004,"only","-","Sep","21",["0:00",0,0,0,null],0,"S"],[2005,"only","-","Mar","22",["0:00",0,0,0,null],60,"D"],[2005,"only","-","Sep","22",["0:00",0,0,0,null],0,"S"],[2008,"only","-","Mar","21",["0:00",0,0,0,null],60,"D"],[2008,"only","-","Sep","21",["0:00",0,0,0,null],0,"S"],[2009,2011,"-","Mar","22",["0:00",0,0,0,null],60,"D"],[2009,2011,"-","Sep","22",["0:00",0,0,0,null],0,"S"],[2012,"only","-","Mar","21",["0:00",0,0,0,null],60,"D"],[2012,"only","-","Sep","21",["0:00",0,0,0,null],0,"S"],[2013,2015,"-","Mar","22",["0:00",0,0,0,null],60,"D"],[2013,2015,"-","Sep","22",["0:00",0,0,0,null],0,"S"],[2016,"only","-","Mar","21",["0:00",0,0,0,null],60,"D"],[2016,"only","-","Sep","21",["0:00",0,0,0,null],0,"S"],[2017,2019,"-","Mar","22",["0:00",0,0,0,null],60,"D"],[2017,2019,"-","Sep","22",["0:00",0,0,0,null],0,"S"],[2020,"only","-","Mar","21",["0:00",0,0,0,null],60,"D"],[2020,"only","-","Sep","21",["0:00",0,0,0,null],0,"S"],[2021,2023,"-","Mar","22",["0:00",0,0,0,null],60,"D"],[2021,2023,"-","Sep","22",["0:00",0,0,0,null],0,"S"],[2024,"only","-","Mar","21",["0:00",0,0,0,null],60,"D"],[2024,"only","-","Sep","21",["0:00",0,0,0,null],0,"S"],[2025,2027,"-","Mar","22",["0:00",0,0,0,null],60,"D"],[2025,2027,"-","Sep","22",["0:00",0,0,0,null],0,"S"],[2028,2029,"-","Mar","21",["0:00",0,0,0,null],60,"D"],[2028,2029,"-","Sep","21",["0:00",0,0,0,null],0,"S"],[2030,2031,"-","Mar","22",["0:00",0,0,0,null],60,"D"],[2030,2031,"-","Sep","22",["0:00",0,0,0,null],0,"S"],[2032,2033,"-","Mar","21",["0:00",0,0,0,null],60,"D"],[2032,2033,"-","Sep","21",["0:00",0,0,0,null],0,"S"],[2034,2035,"-","Mar","22",["0:00",0,0,0,null],60,"D"],[2034,2035,"-","Sep","22",["0:00",0,0,0,null],0,"S"],[2036,2037,"-","Mar","21",["0:00",0,0,0,null],60,"D"],[2036,2037,"-","Sep","21",["0:00",0,0,0,null],0,"S"]]}}