{"zones":{"Europe/Zurich":[[-34.13333333333333,"-","LMT",-3827952000000],[-29.73333333333333,"-","BMT",-2385244800000],[-60,"Swiss","CE%sT",378604800000],[-60,"EU","CE%sT",null]]},"rules":{"Swiss":[[1941,1942,"-","May","Mon>=1",["1:00",1,0,0,null],60,"S"],[1941,1942,"-","Oct","Mon>=1",["2:00",2,0,0,null],0,"-"]],"EU":[[1977,1980,"-","Apr","Sun>=1",["1:00u",1,0,0,"u"],60,"S"],[1977,"only","-","Sep","lastSun",["1:00u",1,0,0,"u"],0,"-"],[1978,"only","-","Oct","1",["1:00u",1,0,0,"u"],0,"-"],[1979,1995,"-","Sep","lastSun",["1:00u",1,0,0,"u"],0,"-"],[1981,"max","-","Mar","lastSun",["1:00u",1,0,0,"u"],60,"S"],[1996,"max","-","Oct","lastSun",["1:00u",1,0,0,"u"],0,"-"]]}}