{"zones":{"America/Barbados":[[238.46666666666667,"-","LMT",-1420156800000],[238.46666666666667,"-","BMT",-1167696000000],[240,"Barb","A%sT",null]]},"rules":{"Barb":[[1977,"only","-","Jun","12",["2:00",2,0,0,null],60,"D"],[1977,1978,"-","Oct","Sun>=1",["2:00",2,0,0,null],0,"S"],[1978,1980,"-","Apr","Sun>=15",["2:00",2,0,0,null],60,"D"],[1979,"only","-","Sep","30",["2:00",2,0,0,null],0,"S"],[1980,"only","-","Sep","25",["2:00",2,0,0,null],0,"S"]]}}