{"zones":{"America/Bogota":[[296.3333333333333,"-","LMT",-2707689600000],[296.3333333333333,"-","BMT",-1739059200000],[300,"CO","CO%sT",null]]},"rules":{"CO":[[1992,"only","-","May","3",["0:00",0,0,0,null],60,"S"],[1993,"only","-","Apr","4",["0:00",0,0,0,null],0,"-"]]}}