{"zones":{"America/Montevideo":[[224.73333333333335,"-","LMT",-2256681600000],[224.73333333333335,"-","MMT",-1567468800000],[210,"Uruguay","UY%sT",-853632000000],[180,"Uruguay","UY%sT",null]]},"rules":{"Uruguay":[[1923,"only","-","Oct","2",["0:00",0,0,0,null],30,"HS"],[1924,1926,"-","Apr","1",["0:00",0,0,0,null],0,"-"],[1924,1925,"-","Oct","1",["0:00",0,0,0,null],30,"HS"],[1933,1935,"-","Oct","lastSun",["0:00",0,0,0,null],30,"HS"],[1934,1936,"-","Mar","Sat>=25",["23:30s",23,30,0,"s"],0,"-"],[1936,"only","-","Nov","1",["0:00",0,0,0,null],30,"HS"],[1937,1941,"-","Mar","lastSun",["0:00",0,0,0,null],0,"-"],[1937,1940,"-","Oct","lastSun",["0:00",0,0,0,null],30,"HS"],[1941,"only","-","Aug","1",["0:00",0,0,0,null],30,"HS"],[1942,"only","-","Jan","1",["0:00",0,0,0,null],0,"-"],[1942,"only","-","Dec","14",["0:00",0,0,0,null],60,"S"],[1943,"only","-","Mar","14",["0:00",0,0,0,null],0,"-"],[1959,"only","-","May","24",["0:00",0,0,0,null],60,"S"],[1959,"only","-","Nov","15",["0:00",0,0,0,null],0,"-"],[1960,"only","-","Jan","17",["0:00",0,0,0,null],60,"S"],[1960,"only","-","Mar","6",["0:00",0,0,0,null],0,"-"],[1965,1967,"-","Apr","Sun>=1",["0:00",0,0,0,null],60,"S"],[1965,"only","-","Sep","26",["0:00",0,0,0,null],0,"-"],[1966,1967,"-","Oct","31",["0:00",0,0,0,null],0,"-"],[1968,1970,"-","May","27",["0:00",0,0,0,null],30,"HS"],[1968,1970,"-","Dec","2",["0:00",0,0,0,null],0,"-"],[1972,"only","-","Apr","24",["0:00",0,0,0,null],60,"S"],[1972,"only","-","Aug","15",["0:00",0,0,0,null],0,"-"],[1974,"only","-","Mar","10",["0:00",0,0,0,null],30,"HS"],[1974,"only","-","Dec","22",["0:00",0,0,0,null],60,"S"],[1976,"only","-","Oct","1",["0:00",0,0,0,null],0,"-"],[1977,"only","-","Dec","4",["0:00",0,0,0,null],60,"S"],[1978,"only","-","Apr","1",["0:00",0,0,0,null],0,"-"],[1979,"only","-","Oct","1",["0:00",0,0,0,null],60,"S"],[1980,"only","-","May","1",["0:00",0,0,0,null],0,"-"],[1987,"only","-","Dec","14",["0:00",0,0,0,null],60,"S"],[1988,"only","-","Mar","14",["0:00",0,0,0,null],0,"-"],[1988,"only","-","Dec","11",["0:00",0,0,0,null],60,"S"],[1989,"only","-","Mar","12",["0:00",0,0,0,null],0,"-"],[1989,"only","-","Oct","29",["0:00",0,0,0,null],60,"S"],[1990,1992,"-","Mar","Sun>=1",["0:00",0,0,0,null],0,"-"],[1990,1991,"-","Oct","Sun>=21",["0:00",0,0,0,null],60,"S"],[1992,"only","-","Oct","18",["0:00",0,0,0,null],60,"S"],[1993,"only","-","Feb","28",["0:00",0,0,0,null],0,"-"],[2004,"only","-","Sep","19",["0:00",0,0,0,null],60,"S"],[2005,"only","-","Mar","27",["2:00",2,0,0,null],0,"-"],[2005,"only","-","Oct","9",["2:00",2,0,0,null],60,"S"],[2006,"only","-","Mar","12",["2:00",2,0,0,null],0,"-"],[2006,"max","-","Oct","Sun>=1",["2:00",2,0,0,null],60,"S"],[2007,"max","-","Mar","Sun>=8",["2:00",2,0,0,null],0,"-"]]}}